medication_name,image_filename
Janumet XR CP Tablet,Janumet_XR_CP_Tablet.jpg
Lasix Injection,Lasix_Injection.jpg
Viagra 50mg Tablet,Viagra_50mg_Tablet.jpg
Inderal LA 20 Tablet SR,Inderal_LA_20_Tablet_SR.jpg
Inderal 20mg Tablet,Inderal_20mg_Tablet.jpg
Novorapid 100IU Injection,Novorapid_100IU_Injection.jpg
Semi-Amaryl Tablet,Semi-Amaryl_Tablet.jpg
Semi Amaryl M Tablet PR,Semi_Amaryl_M_Tablet_PR.jpg
Victoza Solution for Injection,Victoza_Solution_for_Injection.jpg
Brufen 200 Tablet,Brufen_200_Tablet.jpg
Trajenta 5mg Tablet,Trajenta_5mg_Tablet.jpg
Risperdal Consta 25mg Injection,Risperdal_Consta_25mg_Injection.jpg
Inderal F 10 Tablet SR,Inderal_F_10_Tablet_SR.jpg
Amaryl 1mg Tablet,Amaryl_1mg_Tablet.jpg
Amaryl MV 2mg Tablet SR,Amaryl_MV_2mg_Tablet_SR.jpg
Zyrtec Tablet,Zyrtec_Tablet.jpg
Movadol LA Injection,Movadol_LA_Injection.jpg
Inderal LA 40 Tablet SR,Inderal_LA_40_Tablet_SR.jpg
Seretide 250 Evohaler,Seretide_250_Evohaler.jpg
Enzocort 6 Tablet,Enzocort_6_Tablet.jpg
Seretide 50mcg 250mcg Accuhaler,Seretide_50mcg_250mcg_Accuhaler.jpg
Galvus Met 50mg 850mg Tablet,Galvus_Met_50mg_850mg_Tablet.jpg
Singulair 4mg Chewable Tablet,Singulair_4mg_Chewable_Tablet.jpg
Trajenta Duo 2,Trajenta_Duo_2.5mg_1000mg_Tablet.jpg
Isordil 5 Sublingual tablet,Isordil_5_Sublingual_tablet.jpg
Lantus Solostar 100IU ml Solution for Injection,Lantus_Solostar_100IU_ml_Solution_for_Injection.jpg
Inderal 40 Tablet,Inderal_40_Tablet.jpg
Tenormin 25 Tablet,Tenormin_25_Tablet.jpg
Lyrica 150mg Capsule,Lyrica_150mg_Capsule.jpg
Trajenta Duo 2,Trajenta_Duo_2.5mg_500mg_Tablet.jpg
Amaryl 3mg Tablet,Amaryl_3mg_Tablet.jpg
Jardiance 25mg Tablet,Jardiance_25mg_Tablet.jpg
Zyrtec Drops,Zyrtec_Drops.jpg
Dalacin C 150mg Capsule,Dalacin_C_150mg_Capsule.jpg
Augmentin 625 Duo Tablet,Augmentin_625_Duo_Tablet.jpg
Lasix Tablet,Lasix_Tablet.jpg
Isordil 10 Tablet,Isordil_10_Tablet.jpg
Augmentin 1000 Duo Tablet,Augmentin_1000_Duo_Tablet.jpg
Brufen 600 Tablet,Brufen_600_Tablet.jpg
Alphadol 1mcg Soft Gelatin Capsule,Alphadol_1mcg_Soft_Gelatin_Capsule.jpg
Janumet 50mg 1000mg Tablet,Janumet_50mg_1000mg_Tablet.jpg
Trajenta Duo 2,Trajenta_Duo_2.5mg_850mg_Tablet.jpg
Amaryl M Forte 2mg Tablet PR,Amaryl_M_Forte_2mg_Tablet_PR.jpg
Bactrim Syrup,Bactrim_Syrup.jpg
Katadol Capsule,Katadol_Capsule.jpg
Januvia 25mg Tablet,Januvia_25mg_Tablet.jpg
Alphadol 0,Alphadol_0.25mcg_Capsule.jpg
Januvia 50mg Tablet,Januvia_50mg_Tablet.jpg
Tenormin 50 Tablet,Tenormin_50_Tablet.jpg
Galvus 50mg Tablet,Galvus_50mg_Tablet.jpg
Alphadol 0,Alphadol_0.5mcg_Soft_Gelatin_Capsule.jpg
Augmentin 375 Tablet,Augmentin_375_Tablet.jpg
Fenadol-DV Tablet,Fenadol-DV_Tablet.jpg
Amaryl M Forte 1mg Tablet PR,Amaryl_M_Forte_1mg_Tablet_PR.jpg
Augmentin DDS Suspension,Augmentin_DDS_Suspension.jpg
Jardiance Met 12,Jardiance_Met_12.5mg_1000mg_Tablet.jpg
Galvus Met 50mg 1000mg Tablet,Galvus_Met_50mg_1000mg_Tablet.jpg
Lyrica 75mg Capsule,Lyrica_75mg_Capsule.jpg
Aldactone 50 Tablet,Aldactone_50_Tablet.jpg
Amaryl MV 1mg Tablet SR,Amaryl_MV_1mg_Tablet_SR.jpg
Augmentin Duo Oral Suspension,Augmentin_Duo_Oral_Suspension.jpg
Magadol Oral Suspension,Magadol_Oral_Suspension.jpg
Januvia 100mg Tablet,Januvia_100mg_Tablet.jpg
Inderal F 5 Tablet SR,Inderal_F_5_Tablet_SR.jpg
Augmentin 1,Augmentin_1.2gm_Injection.jpg
Aldactone 100 Tablet,Aldactone_100_Tablet.jpg
Risperdal 2mg Tablet,Risperdal_2mg_Tablet.jpg
Galvus Met 50mg 500mg Tablet,Galvus_Met_50mg_500mg_Tablet.jpg
Risperdal 1mg Tablet,Risperdal_1mg_Tablet.jpg
Zyrtec Syrup,Zyrtec_Syrup.jpg
Amaryl 2mg Tablet,Amaryl_2mg_Tablet.jpg
Symbicort 160mcg 4,Symbicort_160mcg_4.5mcg_Turbuhaler.jpg
Bactrim DS Tablet,Bactrim_DS_Tablet.jpg
Magadol 50mg 325mg Tablet,Magadol_50mg_325mg_Tablet.jpg
Seretide 50mcg 500mcg Accuhaler,Seretide_50mcg_500mcg_Accuhaler.jpg
Janumet 50mg 500mg Tablet,Janumet_50mg_500mg_Tablet.jpg
Plavix Tablet,Plavix_Tablet.jpg
Aldactone Tablet,Aldactone_Tablet.jpg
Lantus 100IU ml Solution for Injection,Lantus_100IU_ml_Solution_for_Injection.jpg
Jardiance Met 12,Jardiance_Met_12.5mg_500mg_Tablet.jpg
Jardiance 10mg Tablet,Jardiance_10mg_Tablet.jpg
Symbicort 320mcg 9mcg Turbuhaler,Symbicort_320mcg_9mcg_Turbuhaler.jpg
Norvasc,Norvasc.jpg
Concor,Concor.jpg
Zestril,Zestril.jpg
Diovan,Diovan.jpg
Cozaar,Cozaar.jpg
Micardis,Micardis.jpg
Lasix,Lasix.jpg
Aldactone,Aldactone.jpg
Hydrochlorothiazide,Hydrochlorothiazide.jpg
Lipitor,Lipitor.jpg
Crestor,Crestor.jpg
Zocor,Zocor.jpg
Plavix,Plavix.jpg
Coumadin,Coumadin.jpg
Isordil,Isordil.jpg
Diflucan,Diflucan.jpg
Flagyl,Flagyl.jpg
Zyrtec,Zyrtec.jpg
Augmentin,Augmentin.jpg
Brufen,Brufen.jpg
Dalacin,Dalacin.jpg
Adol,Adol.jpg
Cataflam,Cataflam.jpg
Celebrex,Celebrex.jpg
Glucophage,Glucophage.jpg
Janumet,Janumet.jpg
Claritin,Claritin.jpg
Adalat,Adalat.jpg
Aerius,Aerius.jpg
Amikacin,Amikacin.jpg
Amoxicillin Suspension,Amoxicillin_Suspension.jpg
Amoxil,Amoxil.jpg
Arcoxia,Arcoxia.jpg
Ativan,Ativan.jpg
Atrovent,Atrovent.jpg
Avamys,Avamys.jpg
Avodart,Avodart.jpg
Aspirin Protect,Aspirin_Protect.jpg
Bactroban,Bactroban.jpg
Betnovate,Betnovate.jpg
Biotin,Biotin.jpg
Buscopan,Buscopan.jpg
Calcium and Vitamin D,Calcium_and_Vitamin_D.jpg
Canesten,Canesten.jpg
Capoten,Capoten.jpg
Cardura,Cardura.jpg
Carvedilol,Carvedilol.jpg
Ceclor,Ceclor.jpg
Cefazolin,Cefazolin.jpg
Centrum,Centrum.jpg
Chlorpheniramine,Chlorpheniramine.jpg
Cialis,Cialis.jpg
Cipralex,Cipralex.jpg
Ciprobay,Ciprobay.jpg
Clexane,Clexane.jpg
Co-Diovan,Co-Diovan.jpg
Colchicine,Colchicine.jpg
Controloc,Controloc.jpg
Dalacin C,Dalacin_C.jpg
Daonil,Daonil.jpg
Decadron,Decadron.jpg
Dermovate,Dermovate.jpg
Digoxin,Digoxin.jpg
Dilantin,Dilantin.jpg
Ditropan,Ditropan.jpg
Duphalac,Duphalac.jpg
Duspatalin,Duspatalin.jpg
Effexor XR,Effexor_XR.jpg
Elimite,Elimite.jpg
Eliquis,Eliquis.jpg
Eltroxin,Eltroxin.jpg
Epilim,Epilim.jpg
Exforge,Exforge.jpg
Ezetimibe,Ezetimibe.jpg
Famotidine,Famotidine.jpg
Ferrous Sulfate,Ferrous_Sulfate.jpg
Ciloxan,Ciloxan.jpg
Zyprexa,Zyprexa.jpg
Flixotide,Flixotide.jpg
Florinef,Florinef.jpg
Folic Acid,Folic_Acid.jpg
Forxiga,Forxiga.jpg
Fosamax,Fosamax.jpg
Fucidin,Fucidin.jpg
Gaviscon,Gaviscon.jpg
Glucophage XR,Glucophage_XR.jpg
Glucovance,Glucovance.jpg
Haldol,Haldol.jpg
Heparin,Heparin.jpg
Humulin 70 30,Humulin_70_30.jpg
Hydrocortisone,Hydrocortisone.jpg
Hydrocortisone 1%,Hydrocortisone_1%.jpg
Imodium,Imodium.jpg
Keppra,Keppra.jpg
Klacid,Klacid.jpg
Linezolid,Linezolid.jpg
Losec,Losec.jpg
Maalox,Maalox.jpg
Magnesium,Magnesium.jpg
Maxidex,Maxidex.jpg
Medrol,Medrol.jpg
Melatonin 3mg,Melatonin_3mg.jpg
Meropenem,Meropenem.jpg
Metformin and Sitagliptin,Metformin_and_Sitagliptin.jpg
Methotrexate,Methotrexate.jpg
Methyldopa,Methyldopa.jpg
Metoclopramide,Metoclopramide.jpg
Morphine,Morphine.jpg
Motilium,Motilium.jpg
Mucinex,Mucinex.jpg
Naproxen,Naproxen.jpg
Neo-Mercazole,Neo-Mercazole.jpg
Neurontin,Neurontin.jpg
Nexium,Nexium.jpg
Nitrofurantoin,Nitrofurantoin.jpg
Nitroglycerin Sublingual,Nitroglycerin_Sublingual.jpg
Nizoral,Nizoral.jpg
ORS,ORS.jpg
ORS (Oral Rehydration Salts),ORS_(Oral_Rehydration_Salts).jpg
Omega-3,Omega-3.jpg
Omnic,Omnic.jpg
Ozempic,Ozempic.jpg
Panadol,Panadol.jpg
Panadol Children,Panadol_Children.jpg
Panadol Extra,Panadol_Extra.jpg
Pioglitazone,Pioglitazone.jpg
Plaquenil,Plaquenil.jpg
Pradaxa,Pradaxa.jpg
Prednisolone,Prednisolone.jpg
Propylthiouracil,Propylthiouracil.jpg
Proscar,Proscar.jpg
Prozac,Prozac.jpg
Pulmicort,Pulmicort.jpg
Refresh Tears,Refresh_Tears.jpg
Retin-A,Retin-A.jpg
Rocephin,Rocephin.jpg
Rogaine,Rogaine.jpg
Seroquel,Seroquel.jpg
Spiriva,Spiriva.jpg
Suprax,Suprax.jpg
Tamoxifen,Tamoxifen.jpg
Tavanic,Tavanic.jpg
Tegretol,Tegretol.jpg
Telfast,Telfast.jpg
Theophylline,Theophylline.jpg
Tienam,Tienam.jpg
Timoptol,Timoptol.jpg
Tobrex,Tobrex.jpg
Tramadol,Tramadol.jpg
Tritace,Tritace.jpg
Valium,Valium.jpg
Vancomycin,Vancomycin.jpg
Ventolin,Ventolin.jpg
Vesicare,Vesicare.jpg
Vibramycin,Vibramycin.jpg
Vitamin B12,Vitamin_B12.jpg
Vitamin C,Vitamin_C.jpg
Vitamin D 1000,Vitamin_D_1000.jpg
Vitamin D 5000,Vitamin_D_5000.jpg
Vitamin D 50000,Vitamin_D_50000.jpg
Voltaren,Voltaren.jpg
Voltaren Gel,Voltaren_Gel.jpg
Xalatan,Xalatan.jpg
Xanax,Xanax.jpg
Xarelto,Xarelto.jpg
Xylocaine Gel,Xylocaine_Gel.jpg
Xyzal,Xyzal.jpg
Zinc,Zinc.jpg
Zinnat,Zinnat.jpg
Zithromax,Zithromax.jpg
Zofran,Zofran.jpg
Zoloft,Zoloft.jpg
Zyloric,Zyloric.jpg
Seretide,Seretide.jpg
Inderal,Inderal.jpg
Tenormin,Tenormin.jpg
Nitroglycerin,Nitroglycerin.jpg
Amaryl,Amaryl.jpg
Januvia,Januvia.jpg
Galvus,Galvus.jpg
Jardiance,Jardiance.jpg
Victoza,Victoza.jpg
Lantus,Lantus.jpg
NovoRapid,NovoRapid.jpg
Humulin,Humulin.jpg
Trajenta,Trajenta.jpg
Lyrica,Lyrica.jpg
Bactrim,Bactrim.jpg
Symbicort,Symbicort.jpg
Singulair,Singulair.jpg
Risperdal,Risperdal.jpg
Viagra,Viagra.jpg
ORS Oral Rehydration Salts,ORS_Oral_Rehydration_Salts.jpg
